Link,Player Name
https://dostats.info/Profile/Search?ProfileId=BYQkH&Server=de2,-»Eι×Fᴇᴀт×Sυcυĸ«-ᵀᴹ
https://dostats.info/Profile/Search?ProfileId=5tBpI&Server=de2,LassdirKüheelos
https://dostats.info/Profile/Search?ProfileId=1gjWR&Server=de2,ι_doɴт_ғeαr_αɴyтнιɴɢ
https://dostats.info/Profile/Search?ProfileId=3YdHw&Server=de2,»ᴀᴄᴛɪᴏɴ_ʀᴇᴀᴄᴛɪᴏɴ«
https://dostats.info/Profile/Search?ProfileId=5wme1&Server=de2,DΞЯ-ИΞΓΓΞ-JФИДS
https://dostats.info/Profile/Search?ProfileId=6mr5I&Server=de2,-»Ɲєøη×Ɠєηєѕιѕ«-
https://dostats.info/Profile/Search?ProfileId=35LQ8&Server=de2,-»×«Λиđi»×«-
https://dostats.info/Profile/Search?ProfileId=KIeg&Server=de2,#pSyCo-X
https://dostats.info/Profile/Search?ProfileId=3cvq6&Server=de2,ИΛMΛSΤΣ×ΤHΣ×BOИΣ
https://dostats.info/Profile/Search?ProfileId=2bjIZ&Server=de2,×××sεиpαι×××
https://dostats.info/Profile/Search?ProfileId=1cXvV&Server=de2,»мцsαsħι«
https://dostats.info/Profile/Search?ProfileId=1lEHc&Server=de2,-»ŦRΣΛΚ×ЯA«-
https://dostats.info/Profile/Search?ProfileId=39YuA&Server=de2,ИΛMΛSΤΣ×THΣ×LΣGΣИD
https://dostats.info/Profile/Search?ProfileId=AzgOj&Server=de2,(resunwonknu)
https://dostats.info/Profile/Search?ProfileId=BUHE1&Server=de2,Λяяgź_ѕŧ_gl
https://dostats.info/Profile/Search?ProfileId=BUKLz&Server=de2,-»3муㅤVѕㅤΛŁŁ«-
https://dostats.info/Profile/Search?ProfileId=6qJp&Server=de2,Hσllσw
https://dostats.info/Profile/Search?ProfileId=IAER&Server=de2,MiαṨαnMiα
https://dostats.info/Profile/Search?ProfileId=1rZBR&Server=de2,ΣΉЯΣ×GΣПIMMƬ
https://dostats.info/Profile/Search?ProfileId=BPGkp&Server=de2,_Hεяz_Tευƒεl_2.0
https://dostats.info/Profile/Search?ProfileId=75PY&Server=de2,MĂŘĆØ™
https://dostats.info/Profile/Search?ProfileId=40FFk&Server=de2,Ţħĕ»Vεиğεƒɥζ»Øиĕ
https://dostats.info/Profile/Search?ProfileId=1c0hp&Server=de2,亗ŦЯΞΛĶЎ·£ÏĶΞ·MΞ亗M·Ð
https://dostats.info/Profile/Search?ProfileId=6k8yP&Server=de2,ოἶբმოἶlἶმ
https://dostats.info/Profile/Search?ProfileId=1vvKB&Server=de2,♥Arthur´s_Ava♥[Ł*A]
https://dostats.info/Profile/Search?ProfileId=1gqRA&Server=de2,»нαптσαп«
https://dostats.info/Profile/Search?ProfileId=6Jkpq&Server=de2,Aircraftcarrier
https://dostats.info/Profile/Search?ProfileId=BTNsy&Server=de2,»»ㅤ×ㅤпενεяㅤ×ㅤ««[SŁP]
https://dostats.info/Profile/Search?ProfileId=BZQCI&Server=de2,亗ƨρʟıттεяɢεƨтöят亗
https://dostats.info/Profile/Search?ProfileId=I118&Server=de2,♥Ava´s_Arthur♥[Ł*A]
https://dostats.info/Profile/Search?ProfileId=AuQrO&Server=de2,мя_ρєяƒє¢т
https://dostats.info/Profile/Search?ProfileId=5I73h&Server=de2,Wuƞɗeɾbɑɾ
https://dostats.info/Profile/Search?ProfileId=2Cxh5&Server=de2,~nadine83~
https://dostats.info/Profile/Search?ProfileId=6q53k&Server=de2,AyseOnFire
https://dostats.info/Profile/Search?ProfileId=2CxhS&Server=de2,-»ZΞЯØ«-
https://dostats.info/Profile/Search?ProfileId=2Sjpy&Server=de2,`°•≫☆ℬðșεя-ŁłŁ☆≪•°´™
https://dostats.info/Profile/Search?ProfileId=2BhBp&Server=de2,»BunteFrüchte
https://dostats.info/Profile/Search?ProfileId=BKhXH&Server=de2,Van-Helsing
https://dostats.info/Profile/Search?ProfileId=BXVF0&Server=de2,༒-»Lopin«-༒
https://dostats.info/Profile/Search?ProfileId=2OxBQ&Server=de2,ΜΔLƁΘHΔZΣ01
https://dostats.info/Profile/Search?ProfileId=6GAZV&Server=de2,TΣΣKÜCHΣ
https://dostats.info/Profile/Search?ProfileId=4I577&Server=de2,»mσdєяnwαяƒαяє«
https://dostats.info/Profile/Search?ProfileId=B1xUM&Server=de2,-»ηøη_¢øηƒîямϵđ«-
https://dostats.info/Profile/Search?ProfileId=KPgk&Server=de2,BisㅤNächsteㅤWoche!!
https://dostats.info/Profile/Search?ProfileId=BXVFD&Server=de2,ŚăŶŏƙš
https://dostats.info/Profile/Search?ProfileId=1qBUh&Server=de2,»ʜᴇʀᴢ_ᴛᴇᴜғᴇʟ«
https://dostats.info/Profile/Search?ProfileId=46uD4&Server=de2,.::.Erik.::.
https://dostats.info/Profile/Search?ProfileId=2VYnn&Server=de2,ΛPØ_ŞЦPΣŖ_ŞŦΛЯ
https://dostats.info/Profile/Search?ProfileId=BTpNK&Server=de2,Østblσcκ×Rερrεsεητ
https://dostats.info/Profile/Search?ProfileId=3BbhB&Server=de2,†вℓσσ∂яαуηє82™†
https://dostats.info/Profile/Search?ProfileId=ONWQ&Server=de2,亗JustDoNothing亗
https://dostats.info/Profile/Search?ProfileId=1dPUR&Server=de2,Militiades
https://dostats.info/Profile/Search?ProfileId=2KoSG&Server=de2,×-»Ħellfireᵀᴹ«-×
https://dostats.info/Profile/Search?ProfileId=1o1iW&Server=de2,SHAW
https://dostats.info/Profile/Search?ProfileId=6WE1J&Server=de2,GAME-OVER
https://dostats.info/Profile/Search?ProfileId=BZIat&Server=de2,KՄЯĐISƮΛИ×ΛIЯŁIИΣS
https://dostats.info/Profile/Search?ProfileId=2UEp2&Server=de2,נσкєя
https://dostats.info/Profile/Search?ProfileId=21u4u&Server=de2,КłŁŁMΛSƮΣЯ
https://dostats.info/Profile/Search?ProfileId=37PTO&Server=de2,šㅤяGÊ
https://dostats.info/Profile/Search?ProfileId=5avgP&Server=de2,White-Ra
https://dostats.info/Profile/Search?ProfileId=5oSqf&Server=de2,-»Kπєсћт«-
https://dostats.info/Profile/Search?ProfileId=4NOj0&Server=de2,Canibal[Ł*A]
https://dostats.info/Profile/Search?ProfileId=1qbY5&Server=de2,»StaaaЯ«
https://dostats.info/Profile/Search?ProfileId=4ILmp&Server=de2,Mysticmaster83
https://dostats.info/Profile/Search?ProfileId=6GlRr&Server=de2,-»Cнıρ×ғᴇᴀт×Cнᴀρ«-ᵀᴹ
https://dostats.info/Profile/Search?ProfileId=41jtK&Server=de2,Kapras
https://dostats.info/Profile/Search?ProfileId=1z0Gg&Server=de2,亗IϾH°BIП°ĠЯØØŤ亗
https://dostats.info/Profile/Search?ProfileId=BV2Br&Server=de2,HauWeg
https://dostats.info/Profile/Search?ProfileId=2I8tW&Server=de2,Vollmond.ch.
https://dostats.info/Profile/Search?ProfileId=BaDb3&Server=de2,Алдуин
https://dostats.info/Profile/Search?ProfileId=481Hb&Server=de2,-~max~-
https://dostats.info/Profile/Search?ProfileId=BO0Ti&Server=de2,AngelofDead™
https://dostats.info/Profile/Search?ProfileId=3GLhf&Server=de2,ψҺ¡Ϯĕ_ŠћΔƦĶ
https://dostats.info/Profile/Search?ProfileId=3WnsI&Server=de2,BestOf1989™[DLG†]
https://dostats.info/Profile/Search?ProfileId=3iVse&Server=de2,ØƮØКΛ
https://dostats.info/Profile/Search?ProfileId=2MQaw&Server=de2,Der·Eugen
https://dostats.info/Profile/Search?ProfileId=1orkU&Server=de2,КłŁŁΞЯŦΛŁKΞ
https://dostats.info/Profile/Search?ProfileId=3hTO6&Server=de2,DUĶAT
https://dostats.info/Profile/Search?ProfileId=2C6nF&Server=de2,»єиєяgιzєя«
https://dostats.info/Profile/Search?ProfileId=B7Rw3&Server=de2,-»ŦRΣΛΚ×ЯΑ«-
https://dostats.info/Profile/Search?ProfileId=2hoMV&Server=de2,PROF.WHOPPER
https://dostats.info/Profile/Search?ProfileId=SRQF&Server=de2,Der-Lustmolch
https://dostats.info/Profile/Search?ProfileId=BNmCu&Server=de2,ıмαgıиαяч
https://dostats.info/Profile/Search?ProfileId=AuaLW&Server=de2,Holgerson
https://dostats.info/Profile/Search?ProfileId=BdQpt&Server=de2,Zick_Vs_Zack
https://dostats.info/Profile/Search?ProfileId=BYmgz&Server=de2,Sirius
https://dostats.info/Profile/Search?ProfileId=5eQE2&Server=de2,ΜΣЅƘΔLIN
https://dostats.info/Profile/Search?ProfileId=6uTIG&Server=de2,Sнσcкωανє
https://dostats.info/Profile/Search?ProfileId=BTQ8Z&Server=de2,HiTech337
https://dostats.info/Profile/Search?ProfileId=5OqVI&Server=de2,BIG×ШHITΣ×GORKA亗GOKI
https://dostats.info/Profile/Search?ProfileId=3UUeZ&Server=de2,ЯєѕтÎηPєα¢є
https://dostats.info/Profile/Search?ProfileId=B1SAW&Server=de2,.Raven.
https://dostats.info/Profile/Search?ProfileId=BbHvW&Server=de2,-»#ΉΣΥΉӨツ«-
https://dostats.info/Profile/Search?ProfileId=5kna2&Server=de2,Pro-Gamer
https://dostats.info/Profile/Search?ProfileId=1tWRe&Server=de2,×ㅤMㅤŔㅤŤㅤŃㅤŤㅤᵀᴹ×
https://dostats.info/Profile/Search?ProfileId=6DxXL&Server=de2,ᵀᴹ丨_Ꮆㄖㄒ_ㄚㄖㄩᵀᴹ
https://dostats.info/Profile/Search?ProfileId=27SB8&Server=de2,HЄLL`❤´ [^PV^]
https://dostats.info/Profile/Search?ProfileId=BOJWs&Server=de2,亗SΛΠÐMΛΠΠ亗[亗ΣЯ亗]
https://dostats.info/Profile/Search?ProfileId=BYCfB&Server=de2,.DOM.
https://dostats.info/Profile/Search?ProfileId=3oRWL&Server=de2,»šħαđøω«
