https://dostats.info/Profile/Search?ProfileId=Bb7Fj&Server=mx1,».Benz.«
https://dostats.info/Profile/Search?ProfileId=BaR9I&Server=mx1,Legit
https://dostats.info/Profile/Search?ProfileId=BYXnN&Server=mx1,Retirado
https://dostats.info/Profile/Search?ProfileId=BRy0y&Server=mx1,Λиĝєζ»օɢʍ
https://dostats.info/Profile/Search?ProfileId=4xpaW&Server=mx1,QueAsco
https://dostats.info/Profile/Search?ProfileId=BNUJz&Server=mx1,ılılıll{ÐJ}llılılı
https://dostats.info/Profile/Search?ProfileId=Bacdi&Server=mx1,ᴍᴏʀáɴ»օɢʍ
https://dostats.info/Profile/Search?ProfileId=BO8ta&Server=mx1,fσямιgιинααgяєѕѕιναッ
https://dostats.info/Profile/Search?ProfileId=Bb6xf&Server=mx1,.»Benz«.
https://dostats.info/Profile/Search?ProfileId=Ba466&Server=mx1,ㅤGODLESSㅤ
https://dostats.info/Profile/Search?ProfileId=68gx7&Server=mx1,efecto7
https://dostats.info/Profile/Search?ProfileId=4yYNF&Server=mx1,»Mr.Benz«
https://dostats.info/Profile/Search?ProfileId=6FRkP&Server=mx1,KING　OF　THE　BRONX
https://dostats.info/Profile/Search?ProfileId=BZOYV&Server=mx1,»Benz.«
https://dostats.info/Profile/Search?ProfileId=6qbQ1&Server=mx1,»Benz«.
https://dostats.info/Profile/Search?ProfileId=51SqS&Server=mx1,LUIS...507
https://dostats.info/Profile/Search?ProfileId=Bai27&Server=mx1,»Mr.Benz«.
https://dostats.info/Profile/Search?ProfileId=BYEc6&Server=mx1,Koffi
https://dostats.info/Profile/Search?ProfileId=4Zw4f&Server=mx1,*Mr.Smart*
https://dostats.info/Profile/Search?ProfileId=Bb7n1&Server=mx1,NoCopyCatPls
https://dostats.info/Profile/Search?ProfileId=6gU6z&Server=mx1,-»Uηšτσρραвlε«-
https://dostats.info/Profile/Search?ProfileId=BWfK4&Server=mx1,»Amµn-Яá.exe«
https://dostats.info/Profile/Search?ProfileId=BSOKu&Server=mx1,Kape(°-°)//
https://dostats.info/Profile/Search?ProfileId=Ax2j9&Server=mx1,BΛÐ*CØMPΛNY[βØMβ]
https://dostats.info/Profile/Search?ProfileId=BaTeG&Server=mx1,ᴍʀ.ʜᴇʟᴀᴍᴀɴ
https://dostats.info/Profile/Search?ProfileId=6YGUb&Server=mx1,CunhadoDoGibi
https://dostats.info/Profile/Search?ProfileId=6oZvW&Server=mx1,#Malakalle
https://dostats.info/Profile/Search?ProfileId=B8ONZ&Server=mx1,-»INTOCABLE«-
https://dostats.info/Profile/Search?ProfileId=BaCQP&Server=mx1,VEGGITTO-11-7
https://dostats.info/Profile/Search?ProfileId=6dVER&Server=mx1,#Inѕιdeツ
https://dostats.info/Profile/Search?ProfileId=B9IbU&Server=mx1,αωєѕσмє
https://dostats.info/Profile/Search?ProfileId=4y5x4&Server=mx1,ૐ_кērö_ૐ
https://dostats.info/Profile/Search?ProfileId=BOfbV&Server=mx1,Fuerzas　Especiales
https://dostats.info/Profile/Search?ProfileId=5EFpU&Server=mx1,FIDOKIMURA
https://dostats.info/Profile/Search?ProfileId=BT1tu&Server=mx1,ＫＡＬＬＩＡＳＭＡＮ_ll_KP
https://dostats.info/Profile/Search?ProfileId=Bc00x&Server=mx1,BUUuuuuuuuuuuuuu.exe
https://dostats.info/Profile/Search?ProfileId=B78W5&Server=mx1,**ENTERPRISE**
https://dostats.info/Profile/Search?ProfileId=BaCP4&Server=mx1,Intenseツ
https://dostats.info/Profile/Search?ProfileId=AtKfU&Server=mx1,*Tђє_DєλdpooL*[MEX]
https://dostats.info/Profile/Search?ProfileId=6AIdN&Server=mx1,SOLITARIO_
https://dostats.info/Profile/Search?ProfileId=B4XsI&Server=mx1,GUCCI¹
https://dostats.info/Profile/Search?ProfileId=B5Kwj&Server=mx1,ESPAÑALLEGOBBs
https://dostats.info/Profile/Search?ProfileId=6BK1q&Server=mx1,!Ưcнıнα-Ίтαcнı
https://dostats.info/Profile/Search?ProfileId=4y3Yb&Server=mx1,#Mariochapulin
https://dostats.info/Profile/Search?ProfileId=6QQBA&Server=mx1,#HeinerJissac_Tєmρ
https://dostats.info/Profile/Search?ProfileId=BYBl7&Server=mx1,ㅤGalatzyㅤMx
https://dostats.info/Profile/Search?ProfileId=BYeE8&Server=mx1,»Chemsco«
https://dostats.info/Profile/Search?ProfileId=5IviU&Server=mx1,Demonik
https://dostats.info/Profile/Search?ProfileId=B3j5B&Server=mx1,JOTAKER
https://dostats.info/Profile/Search?ProfileId=BaNuK&Server=mx1,ᴘᴀʀᴀɴɢ
https://dostats.info/Profile/Search?ProfileId=BRvlQ&Server=mx1,LordOfCinder.exe
https://dostats.info/Profile/Search?ProfileId=BcMrg&Server=mx1,KΔЯМΛ
https://dostats.info/Profile/Search?ProfileId=6YdwA&Server=mx1,#Adrenocromo
https://dostats.info/Profile/Search?ProfileId=BJKNh&Server=mx1,»_ʜᴛ¹_«
https://dostats.info/Profile/Search?ProfileId=66KlU&Server=mx1,συτsidєr
https://dostats.info/Profile/Search?ProfileId=695bS&Server=mx1,SockerPvP
https://dostats.info/Profile/Search?ProfileId=BYPES&Server=mx1,#NoSoyÐexтeяッ
https://dostats.info/Profile/Search?ProfileId=6d5WE&Server=mx1,么MASTER么
https://dostats.info/Profile/Search?ProfileId=BSRWr&Server=mx1,GΛndϕrΛ　X
https://dostats.info/Profile/Search?ProfileId=69aBC&Server=mx1,*Spacekiller*
https://dostats.info/Profile/Search?ProfileId=Ba1Dd&Server=mx1,riρgσσs
https://dostats.info/Profile/Search?ProfileId=BcFlU&Server=mx1,NARUTO.BEST
https://dostats.info/Profile/Search?ProfileId=6844M&Server=mx1,βøÐÿŴøяÐ[ESP]
https://dostats.info/Profile/Search?ProfileId=4yWGF&Server=mx1,ૐ_кērö21_ૐ
https://dostats.info/Profile/Search?ProfileId=5Sipt&Server=mx1,RAMIRES
https://dostats.info/Profile/Search?ProfileId=6tmtT&Server=mx1,REDㅤTHEㅤGOD!
https://dostats.info/Profile/Search?ProfileId=5oGcM&Server=mx1,ㅤㅤяαƒαεłㅤツ
https://dostats.info/Profile/Search?ProfileId=5DOkJ&Server=mx1,×LXST×CXNTURY×
https://dostats.info/Profile/Search?ProfileId=BYAbw&Server=mx1,24/Forever♥
https://dostats.info/Profile/Search?ProfileId=BK441&Server=mx1,Sя・BʟᴀɔƙBᴇᴀяᴅ　ŁσŴϯ
https://dostats.info/Profile/Search?ProfileId=AskXw&Server=mx1,Ɓ̶asтi
https://dostats.info/Profile/Search?ProfileId=At0wz&Server=mx1,ૐ_кērö3_ૐ
https://dostats.info/Profile/Search?ProfileId=6uSUo&Server=mx1,-Tɘslα-
https://dostats.info/Profile/Search?ProfileId=4odnY&Server=mx1,Dixㅤeurㅤsky
https://dostats.info/Profile/Search?ProfileId=BSq8m&Server=mx1,»Benz«
https://dostats.info/Profile/Search?ProfileId=BYEbc&Server=mx1,»BOSS«
https://dostats.info/Profile/Search?ProfileId=5wtwO&Server=mx1,PARADISEᶜᵒˡ
https://dostats.info/Profile/Search?ProfileId=6F2Tl&Server=mx1,EUReKA　＊
https://dostats.info/Profile/Search?ProfileId=Bb6xu&Server=mx1,»۰«seiya»۰«
https://dostats.info/Profile/Search?ProfileId=BMW61&Server=mx1,°¤øШESTΣRŊ_°¤ø_lTlÐ7
https://dostats.info/Profile/Search?ProfileId=693kO&Server=mx1,#CHIEF
https://dostats.info/Profile/Search?ProfileId=5nyCs&Server=mx1,Μ¢ĞяΣĞØЯ
https://dostats.info/Profile/Search?ProfileId=4ypjN&Server=mx1,χEđσgTђєŁєgєηđ-Яσϻάχ
https://dostats.info/Profile/Search?ProfileId=63zXn&Server=mx1,^^Σl»Σлτěŕŕãďøŕ«^^
https://dostats.info/Profile/Search?ProfileId=6hJzo&Server=mx1,STRΣΣT
https://dostats.info/Profile/Search?ProfileId=6IMtO&Server=mx1,Ω-Bєяѕєякєя-Ω
https://dostats.info/Profile/Search?ProfileId=6qOku&Server=mx1,10.000.000.000ㅤHON
https://dostats.info/Profile/Search?ProfileId=BBhdg&Server=mx1,--Sabes__Como--
https://dostats.info/Profile/Search?ProfileId=Bb6y4&Server=mx1,(MIG*29)ːˑ
https://dostats.info/Profile/Search?ProfileId=BT6uC&Server=mx1,EL50
https://dostats.info/Profile/Search?ProfileId=6MKkV&Server=mx1,(||мαтσмαѕтєя||)
https://dostats.info/Profile/Search?ProfileId=62akz&Server=mx1,ҡąŋσŋ
https://dostats.info/Profile/Search?ProfileId=4yBdT&Server=mx1,ŤΣMIÐΘΞ§PДЯTДИΘ
https://dostats.info/Profile/Search?ProfileId=BY9t1&Server=mx1,».Benz«
https://dostats.info/Profile/Search?ProfileId=4xprg&Server=mx1,DǺkǺρiwi*10ǺñØک*IпC
https://dostats.info/Profile/Search?ProfileId=4WBrJ&Server=mx1,ＢＡＹＡＣＥＴＯ____KP_022
https://dostats.info/Profile/Search?ProfileId=BcVOX&Server=mx1,Mσsτツ
https://dostats.info/Profile/Search?ProfileId=BcqSn&Server=mx1,KP-Misa
https://dostats.info/Profile/Search?ProfileId=5dCFb&Server=mx1,єияσк　　　　MEX
https://dostats.info/Profile/Search?ProfileId=6socO&Server=mx1,Buba
