https://dostats.info/Profile/Search?ProfileId=6Te0i&Server=pl3,ズҐ乙ҼᙢΘ　亗
https://dostats.info/Profile/Search?ProfileId=BdvE0&Server=pl3,BijeBoMoge
https://dostats.info/Profile/Search?ProfileId=3cRSA&Server=pl3,̶6̶0̶
https://dostats.info/Profile/Search?ProfileId=3zyBh&Server=pl3,*J*A*C*E*K*
https://dostats.info/Profile/Search?ProfileId=B85E1&Server=pl3,ØŋëŔėpüßlic
https://dostats.info/Profile/Search?ProfileId=4JYxR&Server=pl3,JACK[Wilk]
https://dostats.info/Profile/Search?ProfileId=3OyVz&Server=pl3,ρsγсноρдткд「☣」
https://dostats.info/Profile/Search?ProfileId=BZLvk&Server=pl3,-»ÇђєçкTђατŞτyłє«-
https://dostats.info/Profile/Search?ProfileId=6UEuw&Server=pl3,＊»Wε＊λяε«＊　「7̏7̏5」
https://dostats.info/Profile/Search?ProfileId=3a4ZW&Server=pl3,Dominikk33[]
https://dostats.info/Profile/Search?ProfileId=1QfGc&Server=pl3,-»７７５«-
https://dostats.info/Profile/Search?ProfileId=Ba5xO&Server=pl3,Jigen
https://dostats.info/Profile/Search?ProfileId=BNzUp&Server=pl3,яóżσωα_ραитєяa
https://dostats.info/Profile/Search?ProfileId=JYwj&Server=pl3,яóżσωα_ραитєяα
https://dostats.info/Profile/Search?ProfileId=3PQNr&Server=pl3,Siwy_Na_Pełnej
https://dostats.info/Profile/Search?ProfileId=4x4je&Server=pl3,ˑˑˑˑˑˑˑˑˑˑˑˑˑˑˑˑˑˑˑˑ
https://dostats.info/Profile/Search?ProfileId=29xho&Server=pl3,拉　ѕσиgσ　кσχ　拉
https://dostats.info/Profile/Search?ProfileId=538BY&Server=pl3,Master　Of　The　Zahir
https://dostats.info/Profile/Search?ProfileId=1ZFtg&Server=pl3,KlękajPrzedAmeno
https://dostats.info/Profile/Search?ProfileId=BIysS&Server=pl3,ˑːːːːː
https://dostats.info/Profile/Search?ProfileId=3xbv1&Server=pl3,QLIMɅX
https://dostats.info/Profile/Search?ProfileId=4ezig&Server=pl3,GσTσΣχıт
https://dostats.info/Profile/Search?ProfileId=B2NFA&Server=pl3,Mr.Nice
https://dostats.info/Profile/Search?ProfileId=2WDPN&Server=pl3,KlękajPrzedPanem
https://dostats.info/Profile/Search?ProfileId=BLror&Server=pl3,---»775«---
https://dostats.info/Profile/Search?ProfileId=ArkQT&Server=pl3,RYCHU^Ζ^PL2
https://dostats.info/Profile/Search?ProfileId=2PiON&Server=pl3,~`GramBezNicku`~ABAR
https://dostats.info/Profile/Search?ProfileId=30Oe4&Server=pl3,Soииε
https://dostats.info/Profile/Search?ProfileId=6XIo8&Server=pl3,βФĽФ
https://dostats.info/Profile/Search?ProfileId=6WES2&Server=pl3,Stifler`18
https://dostats.info/Profile/Search?ProfileId=BLcww&Server=pl3,farciarz11「775」
https://dostats.info/Profile/Search?ProfileId=4sKHY&Server=pl3,-»AK«-
https://dostats.info/Profile/Search?ProfileId=BR7XM&Server=pl3,ˑːːːːːˑ
https://dostats.info/Profile/Search?ProfileId=1oXeC&Server=pl3,ḊЁṀЁṄṪÖṚ　拉
https://dostats.info/Profile/Search?ProfileId=BNJui&Server=pl3,»ɢᴇиᴇʀᴀʟ«775
https://dostats.info/Profile/Search?ProfileId=BY95o&Server=pl3,DawiduS
https://dostats.info/Profile/Search?ProfileId=6Icq2&Server=pl3,¢нσяzυ.
https://dostats.info/Profile/Search?ProfileId=BTUbA&Server=pl3,As-Salāmu
https://dostats.info/Profile/Search?ProfileId=41Air&Server=pl3,яσвα¢zєк
https://dostats.info/Profile/Search?ProfileId=BIRmr&Server=pl3,LΣGIΘN[VG]
https://dostats.info/Profile/Search?ProfileId=BIRmt&Server=pl3,KLOPOTEK
https://dostats.info/Profile/Search?ProfileId=6t4fq&Server=pl3,hEEEk
https://dostats.info/Profile/Search?ProfileId=49hG5&Server=pl3,ːːːːːːːː
https://dostats.info/Profile/Search?ProfileId=5oMnm&Server=pl3,NIE＊CHCĘ＊MI＊SIĘ
https://dostats.info/Profile/Search?ProfileId=BBUfB&Server=pl3,hEEEk.JnR
https://dostats.info/Profile/Search?ProfileId=35crt&Server=pl3,prosty[^Ұ^]
https://dostats.info/Profile/Search?ProfileId=1VZGh&Server=pl3,..☆ŹÁÐŔÁツ..®
https://dostats.info/Profile/Search?ProfileId=2IRtJ&Server=pl3,ŹĨМŃŶ☆ßŔŐŴÁŔツ
https://dostats.info/Profile/Search?ProfileId=1T8nv&Server=pl3,Dorotka2008
https://dostats.info/Profile/Search?ProfileId=1liuE&Server=pl3,r.t.-żabol-bolo1984.
https://dostats.info/Profile/Search?ProfileId=6u54J&Server=pl3,ECKI亗69亗MOB
https://dostats.info/Profile/Search?ProfileId=6oI2z&Server=pl3,RURA2013!!!
https://dostats.info/Profile/Search?ProfileId=6HW93&Server=pl3,ΣNIGMΛ
https://dostats.info/Profile/Search?ProfileId=2oY62&Server=pl3,KERTOIP94!
https://dostats.info/Profile/Search?ProfileId=BZNvR&Server=pl3,-»luckY«-775
https://dostats.info/Profile/Search?ProfileId=3qcXk&Server=pl3,Elizabet69
https://dostats.info/Profile/Search?ProfileId=1SMLD&Server=pl3,кυzуи_ιναяα
https://dostats.info/Profile/Search?ProfileId=6Xit1&Server=pl3,K͓̽ΘB̲̅ЯΛ
https://dostats.info/Profile/Search?ProfileId=3wofT&Server=pl3,NotᎧImportant
https://dostats.info/Profile/Search?ProfileId=4GvEx&Server=pl3,AviXLouisVillain
https://dostats.info/Profile/Search?ProfileId=23h4H&Server=pl3,FΛЯΛOП
https://dostats.info/Profile/Search?ProfileId=4ASlY&Server=pl3,ツŶëŶëツ[ÄK]
https://dostats.info/Profile/Search?ProfileId=1lHao&Server=pl3,`Wujek
https://dostats.info/Profile/Search?ProfileId=51lVW&Server=pl3,ːːːːːːːːːːː
https://dostats.info/Profile/Search?ProfileId=1plKW&Server=pl3,-»zorgoтн«-
https://dostats.info/Profile/Search?ProfileId=5uQFJ&Server=pl3,Clinton
https://dostats.info/Profile/Search?ProfileId=1hy2Y&Server=pl3,Lego.
https://dostats.info/Profile/Search?ProfileId=6WEJg&Server=pl3,__ㅤㅤㅤㅤㅤㅤㅤㅤㅤ__
https://dostats.info/Profile/Search?ProfileId=B9C1N&Server=pl3,tђєฬєคкรเlєภt
https://dostats.info/Profile/Search?ProfileId=2mGNF&Server=pl3,Bх_Baυer-owa_T6-32v6
https://dostats.info/Profile/Search?ProfileId=4Dq0a&Server=pl3,EvileK-Smerfik
https://dostats.info/Profile/Search?ProfileId=1zWWe&Server=pl3,#MICHAŁ#!!!
https://dostats.info/Profile/Search?ProfileId=30rPx&Server=pl3,☆тιηку☆ωιηку☆
https://dostats.info/Profile/Search?ProfileId=4qP8w&Server=pl3,$$Freezer$$XT²
https://dostats.info/Profile/Search?ProfileId=BIRmd&Server=pl3,Koxuuu
https://dostats.info/Profile/Search?ProfileId=4FIzn&Server=pl3,LegendNeverDie
https://dostats.info/Profile/Search?ProfileId=2hUjf&Server=pl3,拉　ค๓เ๔ค๓คгย　拉
https://dostats.info/Profile/Search?ProfileId=1SYiX&Server=pl3,-[WŚCIEKŁY-[B-B]
https://dostats.info/Profile/Search?ProfileId=Le16&Server=pl3,»ss«
https://dostats.info/Profile/Search?ProfileId=1yUbz&Server=pl3,rolba
https://dostats.info/Profile/Search?ProfileId=Prir&Server=pl3,darekp..
https://dostats.info/Profile/Search?ProfileId=5GcUS&Server=pl3,ŴIДЯÜ$«$ωĭя»
https://dostats.info/Profile/Search?ProfileId=Js23&Server=pl3,ហ្សារ៉ានី
https://dostats.info/Profile/Search?ProfileId=2eUJ1&Server=pl3,".,.."
https://dostats.info/Profile/Search?ProfileId=BIRml&Server=pl3,ːːːːː
https://dostats.info/Profile/Search?ProfileId=1tL1s&Server=pl3,§ӨBYЩΛƬΣL§PЩ§
https://dostats.info/Profile/Search?ProfileId=3Antf&Server=pl3,Agиιєѕzкαツ
https://dostats.info/Profile/Search?ProfileId=BYCHW&Server=pl3,»Đăяк»№¹«ληgεζ™
https://dostats.info/Profile/Search?ProfileId=61BYr&Server=pl3,＊»　ĸazιυ　«＊
https://dostats.info/Profile/Search?ProfileId=385rA&Server=pl3,Acнιllєѕ
https://dostats.info/Profile/Search?ProfileId=BSo4I&Server=pl3,PanKracy
https://dostats.info/Profile/Search?ProfileId=BVZVl&Server=pl3,Şžàţáŉ°Şĕŗďūşžķō
https://dostats.info/Profile/Search?ProfileId=5GoW9&Server=pl3,Darkness[мос]
https://dostats.info/Profile/Search?ProfileId=1WsOT&Server=pl3,ꅏꀤꈤꌗ꓄ꂦꈤ
https://dostats.info/Profile/Search?ProfileId=5OBM7&Server=pl3,Zephyr44
https://dostats.info/Profile/Search?ProfileId=NZlD&Server=pl3,TheoryPractice
https://dostats.info/Profile/Search?ProfileId=3YIS3&Server=pl3,Zielony_Tabaluga
https://dostats.info/Profile/Search?ProfileId=3bxxF&Server=pl3,Damianek
https://dostats.info/Profile/Search?ProfileId=3ziK2&Server=pl3,PanPawlowski
https://dostats.info/Profile/Search?ProfileId=1UrQq&Server=pl3,»亗»Lɪʟᴏ«亗«
