https://dostats.info/Profile/Search?ProfileId=5WVmU&Server=ru1,AНВАР
https://dostats.info/Profile/Search?ProfileId=2MUX1&Server=ru1,ĜŌĻĎĒŃ
https://dostats.info/Profile/Search?ProfileId=1t4HI&Server=ru1,Мурка
https://dostats.info/Profile/Search?ProfileId=2OFGy&Server=ru1,",..ДРЕВНИЙ,,,"
https://dostats.info/Profile/Search?ProfileId=36z1Y&Server=ru1,Pî✘eŁ
https://dostats.info/Profile/Search?ProfileId=BObDn&Server=ru1,▪●★Pakost★●▪
https://dostats.info/Profile/Search?ProfileId=BZmBV&Server=ru1,брюлиk
https://dostats.info/Profile/Search?ProfileId=3GoZ5&Server=ru1,ЗОДЧИЙ[ОАО]
https://dostats.info/Profile/Search?ProfileId=1VdXF&Server=ru1,`H_Ð`злøЂный
https://dostats.info/Profile/Search?ProfileId=3lTqY&Server=ru1,ZLODEṼKA
https://dostats.info/Profile/Search?ProfileId=3RH6h&Server=ru1,ТЕРМИНАТOР
https://dostats.info/Profile/Search?ProfileId=2cEiE&Server=ru1,ФАРУС_[VRU]
https://dostats.info/Profile/Search?ProfileId=3AV4Z&Server=ru1,SOŁNCE
https://dostats.info/Profile/Search?ProfileId=3IcjN&Server=ru1,Pезвый™
https://dostats.info/Profile/Search?ProfileId=BFxO8&Server=ru1,⭐SABATAZH⭐
https://dostats.info/Profile/Search?ProfileId=BbHqI&Server=ru1,»Driving«
https://dostats.info/Profile/Search?ProfileId=Bbq0X&Server=ru1,EXTERMINATOR
https://dostats.info/Profile/Search?ProfileId=BYgJn&Server=ru1,»sh4u«
https://dostats.info/Profile/Search?ProfileId=1m3Kr&Server=ru1,_КамАриК_
https://dostats.info/Profile/Search?ProfileId=63EHW&Server=ru1,*λëнųβыũ*ķот*
https://dostats.info/Profile/Search?ProfileId=20gp3&Server=ru1,-=Бармалей=-[=PФ=]
https://dostats.info/Profile/Search?ProfileId=62m07&Server=ru1,Phyllopteryx.teaniol
https://dostats.info/Profile/Search?ProfileId=2pUU3&Server=ru1,Жеклёр.
https://dostats.info/Profile/Search?ProfileId=3LRay&Server=ru1,KALSARIKÄNNIT
https://dostats.info/Profile/Search?ProfileId=3KhGz&Server=ru1,ZAWIK
https://dostats.info/Profile/Search?ProfileId=BWEJb&Server=ru1,.Ą.ƒ.i.ή.ă.
https://dostats.info/Profile/Search?ProfileId=1lCxl&Server=ru1,СержокIнZеR
https://dostats.info/Profile/Search?ProfileId=JCi6&Server=ru1,.МąŕсùȘ.
https://dostats.info/Profile/Search?ProfileId=BYLy9&Server=ru1,****RЕD****
https://dostats.info/Profile/Search?ProfileId=4ap3H&Server=ru1,СОЛЁНЫЙ_199
https://dostats.info/Profile/Search?ProfileId=Bbwrv&Server=ru1,Jiu~Jitsu/SIS/
https://dostats.info/Profile/Search?ProfileId=2rZAJ&Server=ru1,ÐRѲIƊ
https://dostats.info/Profile/Search?ProfileId=BHbap&Server=ru1,60MINUT
https://dostats.info/Profile/Search?ProfileId=4jsM8&Server=ru1,JERRY!
https://dostats.info/Profile/Search?ProfileId=5qErd&Server=ru1,MеДoеД555
https://dostats.info/Profile/Search?ProfileId=64zXO&Server=ru1,ᴀɴᴜʙɪꜱ
https://dostats.info/Profile/Search?ProfileId=3lCvi&Server=ru1,vedun59
https://dostats.info/Profile/Search?ProfileId=2YNlm&Server=ru1,Гρεωник
https://dostats.info/Profile/Search?ProfileId=5Gjfg&Server=ru1,Б_У_Й_Н_Ы_Й
https://dostats.info/Profile/Search?ProfileId=3qisj&Server=ru1,Sniper
https://dostats.info/Profile/Search?ProfileId=BSqSE&Server=ru1,Uber-ПИПКА
https://dostats.info/Profile/Search?ProfileId=5TrkR&Server=ru1,-=4e6yPaWkA-Я-PsIx=-
https://dostats.info/Profile/Search?ProfileId=68gvW&Server=ru1,.:KamikadzE:.
https://dostats.info/Profile/Search?ProfileId=1grZs&Server=ru1,◄АКУЛА►
https://dostats.info/Profile/Search?ProfileId=3MCIu&Server=ru1,-»Šqúαđгoи-X«-
https://dostats.info/Profile/Search?ProfileId=4eslb&Server=ru1,Жена　HD
https://dostats.info/Profile/Search?ProfileId=EwE2&Server=ru1,Гaлaтeя
https://dostats.info/Profile/Search?ProfileId=4pIMl&Server=ru1,Destroyer74
https://dostats.info/Profile/Search?ProfileId=216aA&Server=ru1,*.INNOCENCE.*
https://dostats.info/Profile/Search?ProfileId=BbySp&Server=ru1,GO　OFF
https://dostats.info/Profile/Search?ProfileId=B5DpD&Server=ru1,даке-мик
https://dostats.info/Profile/Search?ProfileId=H0DR&Server=ru1,Виктор7
https://dostats.info/Profile/Search?ProfileId=20LN1&Server=ru1,****RoM****
https://dostats.info/Profile/Search?ProfileId=2qjSR&Server=ru1,ĤŶ·ßĀЩÈ·XØΜЯΚ
https://dostats.info/Profile/Search?ProfileId=6biVu&Server=ru1,Mad_Ways
https://dostats.info/Profile/Search?ProfileId=43jQz&Server=ru1,НАГЛАЯ
https://dostats.info/Profile/Search?ProfileId=2FAER&Server=ru1,*АXИЛЛЕС*
https://dostats.info/Profile/Search?ProfileId=2bfP1&Server=ru1,J-type_327
https://dostats.info/Profile/Search?ProfileId=1fNOQ&Server=ru1,Pranker
https://dostats.info/Profile/Search?ProfileId=3mjHW&Server=ru1,çŤpẮχ
https://dostats.info/Profile/Search?ProfileId=1d69Y&Server=ru1,♠♠♠KanuTaH•78Rus♠♠♠
https://dostats.info/Profile/Search?ProfileId=6FiwS&Server=ru1,IIIaJI
https://dostats.info/Profile/Search?ProfileId=BbyW5&Server=ru1,_Ё)!(иК_
https://dostats.info/Profile/Search?ProfileId=1oRv0&Server=ru1,ƇøĻĻįđęŘ~SIS
https://dostats.info/Profile/Search?ProfileId=25ycM&Server=ru1,Sinco
https://dostats.info/Profile/Search?ProfileId=BS29g&Server=ru1,×åçķü~λ£г£нѫå~ç£β£Ƥå
https://dostats.info/Profile/Search?ProfileId=4Pg2p&Server=ru1,ЯрусскиЙ(TEHИ)
https://dostats.info/Profile/Search?ProfileId=207ah&Server=ru1,Ёk-макарёк
https://dostats.info/Profile/Search?ProfileId=9wi7&Server=ru1,inu-chan^^(KoP)
https://dostats.info/Profile/Search?ProfileId=2OZ1G&Server=ru1,66.6FM
https://dostats.info/Profile/Search?ProfileId=3OGut&Server=ru1,⭐Ко†⭐
https://dostats.info/Profile/Search?ProfileId=3uE6f&Server=ru1,Нет_Там_ничего
https://dostats.info/Profile/Search?ProfileId=4tgrV&Server=ru1,Стрeлецкий
https://dostats.info/Profile/Search?ProfileId=BQl1h&Server=ru1,miskuzi
https://dostats.info/Profile/Search?ProfileId=3hzaS&Server=ru1,-=$HMEL=-
https://dostats.info/Profile/Search?ProfileId=BRf8X&Server=ru1,Ренг77ПокорительSGA
https://dostats.info/Profile/Search?ProfileId=Axewh&Server=ru1,INIFINITI
https://dostats.info/Profile/Search?ProfileId=4c604&Server=ru1,valimut|KZ
https://dostats.info/Profile/Search?ProfileId=6tvte&Server=ru1,RIР.
https://dostats.info/Profile/Search?ProfileId=1frC7&Server=ru1,*Г.у.з.е.л.ь.к.а*
https://dostats.info/Profile/Search?ProfileId=6rRnP&Server=ru1,♠Скромная_Маруська♠
https://dostats.info/Profile/Search?ProfileId=5Idmu&Server=ru1,✠ΒŁÂĐ∑✠
https://dostats.info/Profile/Search?ProfileId=BJi7o&Server=ru1,Vethli
https://dostats.info/Profile/Search?ProfileId=3KF1a&Server=ru1,=_=ГУРЗУФ777=_=
https://dostats.info/Profile/Search?ProfileId=BArAC&Server=ru1,NERLAND
https://dostats.info/Profile/Search?ProfileId=23VEW&Server=ru1,Пραпọρ
https://dostats.info/Profile/Search?ProfileId=SRez&Server=ru1,꧂ATLANTIDA꧂
https://dostats.info/Profile/Search?ProfileId=3CljR&Server=ru1,˘°*ღКОЗЮЛЬКАღ*°˘
https://dostats.info/Profile/Search?ProfileId=4WnB9&Server=ru1,~NоPasаran~
https://dostats.info/Profile/Search?ProfileId=1lf25&Server=ru1,[_К_О_Ш_М_А_Р_И_К_]
https://dostats.info/Profile/Search?ProfileId=ArvmS&Server=ru1,Beнгенс
https://dostats.info/Profile/Search?ProfileId=27w2s&Server=ru1,βǿʌǿгǿώą*_Ď.Ď_*
https://dostats.info/Profile/Search?ProfileId=2c9Lh&Server=ru1,亗Фома亗
https://dostats.info/Profile/Search?ProfileId=BDlEt&Server=ru1,-=GHOST-SHIP=-
https://dostats.info/Profile/Search?ProfileId=2ZdtV&Server=ru1,-САПЕР-
https://dostats.info/Profile/Search?ProfileId=1w9vf&Server=ru1,-.::sitro::.-
https://dostats.info/Profile/Search?ProfileId=BY8AE&Server=ru1,Marshall
https://dostats.info/Profile/Search?ProfileId=6rd6C&Server=ru1,анклбенс
https://dostats.info/Profile/Search?ProfileId=5u73r&Server=ru1,.hand.
https://dostats.info/Profile/Search?ProfileId=1eTyR&Server=ru1,ĐĄŘK†$ĦãŸŦÃŃ[Ώ]
