https://dostats.info/Profile/Search?ProfileId=5aaMs&Server=tr5,ĐΘĜU
https://dostats.info/Profile/Search?ProfileId=N94a&Server=tr5,亗Vi¢тσяу亗CΛИΞ.
https://dostats.info/Profile/Search?ProfileId=B58rO&Server=tr5,BAŞqAИ
https://dostats.info/Profile/Search?ProfileId=3kqHS&Server=tr5,TÜRKツ
https://dostats.info/Profile/Search?ProfileId=5pZIF&Server=tr5,KÜRT/
https://dostats.info/Profile/Search?ProfileId=BZnpb&Server=tr5,ㅤĐΘĜUㅤ
https://dostats.info/Profile/Search?ProfileId=BY94p&Server=tr5,URFALI=VEYSEL
https://dostats.info/Profile/Search?ProfileId=2LXSK&Server=tr5,I-AM-THE-BEST
https://dostats.info/Profile/Search?ProfileId=BCOuz&Server=tr5,GENÇLİĞİ
https://dostats.info/Profile/Search?ProfileId=3gl8d&Server=tr5,-»S̷ĽA̷Y̷ΞЯ«-
https://dostats.info/Profile/Search?ProfileId=1wWsz&Server=tr5,ЧДÞIŞŦIЯЯЯ¯¯57ALAY¯¯
https://dostats.info/Profile/Search?ProfileId=4ABvC&Server=tr5,**ʊӄǟʟǟ_Çօƈʊӄ_**52**
https://dostats.info/Profile/Search?ProfileId=55aU4&Server=tr5,34*|ßΛŞKΞИTLĪ|*06
https://dostats.info/Profile/Search?ProfileId=5Qr5Q&Server=tr5,***Metindinho***
https://dostats.info/Profile/Search?ProfileId=BOWM8&Server=tr5,Máté_ĦUΝ
https://dostats.info/Profile/Search?ProfileId=1ixTI&Server=tr5,_-KARA#BİGALI-_47
https://dostats.info/Profile/Search?ProfileId=1XHy6&Server=tr5,#SENTİNEL-PRİME
https://dostats.info/Profile/Search?ProfileId=6eufZ&Server=tr5,-【W】【u】【s】【t】-[ŞANN]
https://dostats.info/Profile/Search?ProfileId=49nWW&Server=tr5,#CENK
https://dostats.info/Profile/Search?ProfileId=4BVhH&Server=tr5,YAVAAAŞ
https://dostats.info/Profile/Search?ProfileId=4JQ2c&Server=tr5,(¯·._βŁU£_£AЯŦĦ_.·¯)
https://dostats.info/Profile/Search?ProfileId=6JN4c&Server=tr5,ERZİNCANLI
https://dostats.info/Profile/Search?ProfileId=27n41&Server=tr5,-»capone/TR/«-
https://dostats.info/Profile/Search?ProfileId=4NtSI&Server=tr5,CΔΣSΔR
https://dostats.info/Profile/Search?ProfileId=4HsXx&Server=tr5,KING-BRAMAN[CΞΝΚ]
https://dostats.info/Profile/Search?ProfileId=1ubmA&Server=tr5,HUAWEN
https://dostats.info/Profile/Search?ProfileId=4HQ08&Server=tr5,ÖMER-CAN-1940
https://dostats.info/Profile/Search?ProfileId=BJzGj&Server=tr5,GE1-ZAZA-72-DOĞU
https://dostats.info/Profile/Search?ProfileId=IVf2&Server=tr5,**ESENYURT*TEKSAS**
https://dostats.info/Profile/Search?ProfileId=4AQZr&Server=tr5,____DOĞUBAYAZITLI04
https://dostats.info/Profile/Search?ProfileId=BAnlZ&Server=tr5,ÐİK̴İŞŤЦŤM̴ΛZ̴#UĞUR
https://dostats.info/Profile/Search?ProfileId=1SiBR&Server=tr5,___»»ANKA««¯¯¯
https://dostats.info/Profile/Search?ProfileId=1eg7O&Server=tr5,BeDeLOĞLu(BeDeL)
https://dostats.info/Profile/Search?ProfileId=1X1xK&Server=tr5,#ZEYTİNBURNU
https://dostats.info/Profile/Search?ProfileId=4AYaM&Server=tr5,ЩΛŔŔiOR-ЩENÜS-[ΛƬΛR]
https://dostats.info/Profile/Search?ProfileId=SPtk&Server=tr5,ϯяıпɔεяƨcнпıтzεʟвяσϯ
https://dostats.info/Profile/Search?ProfileId=6spX0&Server=tr5,ТUЯΚІSΗΡOWΞЯ
https://dostats.info/Profile/Search?ProfileId=1YR5P&Server=tr5,K͓̽İИG̽×ROHAN
https://dostats.info/Profile/Search?ProfileId=6mGSv&Server=tr5,ፈSU-DAMLASIፈ
https://dostats.info/Profile/Search?ProfileId=1h5wn&Server=tr5,CcCAthenticatorCcC
https://dostats.info/Profile/Search?ProfileId=4lt1s&Server=tr5,亗¯¯¯27.CADDE_ASİL__亗
https://dostats.info/Profile/Search?ProfileId=4AMhI&Server=tr5,σкєαησѕ
https://dostats.info/Profile/Search?ProfileId=BbSbf&Server=tr5,ICEBERG
https://dostats.info/Profile/Search?ProfileId=49nPu&Server=tr5,TR3ᵀᴹ||MДGДИÐД||[C＊]
https://dostats.info/Profile/Search?ProfileId=6ZajV&Server=tr5,Dekjoks
https://dostats.info/Profile/Search?ProfileId=BMBES&Server=tr5,Tsk-Uzman
https://dostats.info/Profile/Search?ProfileId=6YDtE&Server=tr5,¯ΣŁ-FΛTİHΛ¯ƒσяcε¯Msƒ
https://dostats.info/Profile/Search?ProfileId=4FUov&Server=tr5,#Irgat-1
https://dostats.info/Profile/Search?ProfileId=6H2fY&Server=tr5,-»τiτдлчцм«-
https://dostats.info/Profile/Search?ProfileId=1pWkU&Server=tr5,Pł̇LMł̇YØM¯57.A¯
https://dostats.info/Profile/Search?ProfileId=BP0Jm&Server=tr5,_SIRADAKİ_[ŞANN]_
https://dostats.info/Profile/Search?ProfileId=BIrVx&Server=tr5,_____ƬΣЯZİBΣY
https://dostats.info/Profile/Search?ProfileId=4f76S&Server=tr5,#ZEUS#
https://dostats.info/Profile/Search?ProfileId=BNg7f&Server=tr5,ADIYAMANLI
https://dostats.info/Profile/Search?ProfileId=4nEz2&Server=tr5,*A*V*C*I*O*Ğ*L*U*27*
https://dostats.info/Profile/Search?ProfileId=JHTa&Server=tr5,RØMANIA
https://dostats.info/Profile/Search?ProfileId=5fKdJ&Server=tr5,Unknown
https://dostats.info/Profile/Search?ProfileId=4NFN9&Server=tr5,*«ᵀᴹPHΔNŤØMᵀᴹ»*
https://dostats.info/Profile/Search?ProfileId=B1xaQ&Server=tr5,WinchesterXPRᵀᴹ
https://dostats.info/Profile/Search?ProfileId=BbyD5&Server=tr5,亗GΣИΣЯΛL٠ΣЯZCИ٠GИЯL亗
https://dostats.info/Profile/Search?ProfileId=1xuyJ&Server=tr5,S*C*A*R*F*A*C*E
https://dostats.info/Profile/Search?ProfileId=BDNOS&Server=tr5,***SİPAHİ***
https://dostats.info/Profile/Search?ProfileId=B8IzD&Server=tr5,Gudikツ
https://dostats.info/Profile/Search?ProfileId=4nuM8&Server=tr5,YOᒪYEᗰEᘔ58Gᗩᘔᗩ
https://dostats.info/Profile/Search?ProfileId=BJLCq&Server=tr5,_____»SĦΞŁBY»ĶÎИĢ«
https://dostats.info/Profile/Search?ProfileId=5oHNL&Server=tr5,×ДŁŁoИΞĐДЯK͓̽×
https://dostats.info/Profile/Search?ProfileId=BQ5Xa&Server=tr5,Ø¯Yαяgıç¯02¯
https://dostats.info/Profile/Search?ProfileId=1hcGy&Server=tr5,7/24Kush
https://dostats.info/Profile/Search?ProfileId=1YoiV&Server=tr5,»Λ＊T＊Ī＊L＊L＊Λ«[CΞΝK]
https://dostats.info/Profile/Search?ProfileId=4KRXQ&Server=tr5,»Λ_Ŧ_Ī_L_L_Λ«[CΞΝΚ]
https://dostats.info/Profile/Search?ProfileId=BTC1L&Server=tr5,sağlıkçı
https://dostats.info/Profile/Search?ProfileId=4T8H9&Server=tr5,єqinox
https://dostats.info/Profile/Search?ProfileId=5NEYX&Server=tr5,тяsç
https://dostats.info/Profile/Search?ProfileId=BOEH9&Server=tr5,(¯`·._*ΔF*¥ΘК*_.·´¯)
https://dostats.info/Profile/Search?ProfileId=4Dgbx&Server=tr5,×乂　BΛƝΣ　BΛZЦKΛ　乂×
https://dostats.info/Profile/Search?ProfileId=1W1bT&Server=tr5,＊ѕαкαяуαlι＊54＊
https://dostats.info/Profile/Search?ProfileId=6nalH&Server=tr5,___________!вяυтαl!
https://dostats.info/Profile/Search?ProfileId=OpxO&Server=tr5,#ARAS
https://dostats.info/Profile/Search?ProfileId=B0dXF&Server=tr5,ANTİ.Z1-XL
https://dostats.info/Profile/Search?ProfileId=4Wy0e&Server=tr5,.OkanBey
https://dostats.info/Profile/Search?ProfileId=5ruBh&Server=tr5,мanιĸ-_-depreѕιғ
https://dostats.info/Profile/Search?ProfileId=1WXkN&Server=tr5,Nokta.
https://dostats.info/Profile/Search?ProfileId=BYF7X&Server=tr5,M5////
https://dostats.info/Profile/Search?ProfileId=4sy1j&Server=tr5,PISKOPATKEDİIİ42
https://dostats.info/Profile/Search?ProfileId=61drx&Server=tr5,_ʍʀ.ʀαcooռ_
https://dostats.info/Profile/Search?ProfileId=3aI3h&Server=tr5,#CARL
https://dostats.info/Profile/Search?ProfileId=BB107&Server=tr5,İMPΛЯΛTOЯ
https://dostats.info/Profile/Search?ProfileId=6VYZM&Server=tr5,亗¯¯¯PİTONΛЃMΛ__亗
https://dostats.info/Profile/Search?ProfileId=4C45K&Server=tr5,ˑˑˑˑˑˑˑˑˑˑˑˑˑˑˑ
https://dostats.info/Profile/Search?ProfileId=BcXs0&Server=tr5,sᴀᴠᴀɢᴇ
https://dostats.info/Profile/Search?ProfileId=BY87W&Server=tr5,OYUNUN-KURALI
https://dostats.info/Profile/Search?ProfileId=BRa1i&Server=tr5,ORUÇ*REİS*57*A
https://dostats.info/Profile/Search?ProfileId=JyXj&Server=tr5,ㅤJokerㅤ
https://dostats.info/Profile/Search?ProfileId=6mpL4&Server=tr5,Geralt　ofㅤRivia
https://dostats.info/Profile/Search?ProfileId=1s5gW&Server=tr5,____İNFAZCI
https://dostats.info/Profile/Search?ProfileId=BR2TN&Server=tr5,#Reaper
https://dostats.info/Profile/Search?ProfileId=ApjF3&Server=tr5,İĞREK
https://dostats.info/Profile/Search?ProfileId=4ARgo&Server=tr5,__/ᵀᴹ*¥*Λ*R*Λ*S*Λ*ᵀᴹ
https://dostats.info/Profile/Search?ProfileId=BcGrj&Server=tr5,Sünnetçiツ
https://dostats.info/Profile/Search?ProfileId=B5zEJ&Server=tr5,#CHAKI
