https://dostats.info/Profile/Search?ProfileId=20FBk&Server=us2,ㅤΛŁPHΛㅤN°¹ㅤ[ѕηм]ㅤ
https://dostats.info/Profile/Search?ProfileId=4DjsO&Server=us2,ĐЯΘPĐΣAĐ[970ᵀᴹ]
https://dostats.info/Profile/Search?ProfileId=4rB9M&Server=us2,RIP-DARK~WING~DUCK
https://dostats.info/Profile/Search?ProfileId=BNNml&Server=us2,вeиנαмιиe
https://dostats.info/Profile/Search?ProfileId=6mlyU&Server=us2,亗-»Mɍ.ȽΞ×ÛՏ«-亗
https://dostats.info/Profile/Search?ProfileId=4bCW9&Server=us2,Chevronツ
https://dostats.info/Profile/Search?ProfileId=BZmwy&Server=us2,Bandemic
https://dostats.info/Profile/Search?ProfileId=64oW2&Server=us2,ㅤΛŁPHΛㅤN°²ㅤ[ѕηм]ㅤ
https://dostats.info/Profile/Search?ProfileId=BIhpC&Server=us2,ㅤΛŁPHΛㅤN°³ㅤ[ѕηм]ㅤ
https://dostats.info/Profile/Search?ProfileId=66D5J&Server=us2,Şquєâký
https://dostats.info/Profile/Search?ProfileId=2ZSPE&Server=us2,Afk--
https://dostats.info/Profile/Search?ProfileId=5DKWz&Server=us2,─═☆ÐΣΔ†ĦŁΣ§§☆═─
https://dostats.info/Profile/Search?ProfileId=BZqFa&Server=us2,°�»ĐΛЯķ亗ĦЦNŦΣЯ«�°
https://dostats.info/Profile/Search?ProfileId=Ba11v&Server=us2,~»Ɠɾimlσck«~
https://dostats.info/Profile/Search?ProfileId=280Pm&Server=us2,JobePrime
https://dostats.info/Profile/Search?ProfileId=BMaG8&Server=us2,Bjørn
https://dostats.info/Profile/Search?ProfileId=B1TQd&Server=us2,ㅤΛŁPHΛㅤN°10ㅤ[ѕηм]ㅤ
https://dostats.info/Profile/Search?ProfileId=62z51&Server=us2,Cepada
https://dostats.info/Profile/Search?ProfileId=BYCtX&Server=us2,BØÜÑŦY*ĦÜÑŦËR
https://dostats.info/Profile/Search?ProfileId=2neuZ&Server=us2,ㅤΛŁPHΛㅤN°9ㅤ[ѕηм]ㅤ
https://dostats.info/Profile/Search?ProfileId=5H7rN&Server=us2,Darkreaper
https://dostats.info/Profile/Search?ProfileId=CIZf&Server=us2,ㅤΛŁPHΛㅤN°12ㅤ[ѕηм]ㅤ
https://dostats.info/Profile/Search?ProfileId=BNQ3b&Server=us2,ΞZЯΞΛL
https://dostats.info/Profile/Search?ProfileId=Baf2i&Server=us2,ᴍᴜʀᴅᴇʀ-ᴘᴀʀᴛʏ
https://dostats.info/Profile/Search?ProfileId=5M38c&Server=us2,Mr_Alin
https://dostats.info/Profile/Search?ProfileId=4Q1E1&Server=us2,EternalAtake
https://dostats.info/Profile/Search?ProfileId=OnbV&Server=us2,ŜĦǾČЌŴĂVĔ
https://dostats.info/Profile/Search?ProfileId=1pcb9&Server=us2,ᴋлʏбʜиᴋᴀ
https://dostats.info/Profile/Search?ProfileId=BKX8m&Server=us2,Elσn-τusκ
https://dostats.info/Profile/Search?ProfileId=4LCem&Server=us2,ㅤΛŁPHΛㅤN°4ㅤ[ѕηм]ㅤ
https://dostats.info/Profile/Search?ProfileId=1aZrg&Server=us2,BΛÐ*ÇOMPΛNY[βØMβ]
https://dostats.info/Profile/Search?ProfileId=B98W3&Server=us2,ĐΔИĞΣŘ.βΣSŦĬΛ
https://dostats.info/Profile/Search?ProfileId=5xtHk&Server=us2,ㅤΛŁPHΛㅤN°11ㅤ[ѕηм]ㅤ
https://dostats.info/Profile/Search?ProfileId=6uh39&Server=us2,Pяıncєss۰Cняıs
https://dostats.info/Profile/Search?ProfileId=B34xo&Server=us2,Aquila
https://dostats.info/Profile/Search?ProfileId=B1e4u&Server=us2,Moxic
https://dostats.info/Profile/Search?ProfileId=1p8T2&Server=us2,viejo
https://dostats.info/Profile/Search?ProfileId=4nfLt&Server=us2,ᒍᗩᑎᑕIᒪ
https://dostats.info/Profile/Search?ProfileId=6XvKG&Server=us2,Ñôbδđý
https://dostats.info/Profile/Search?ProfileId=2s4fr&Server=us2,MƛӇMƠƲƊツ
https://dostats.info/Profile/Search?ProfileId=5Jh1E&Server=us2,IRON-THRONE[ΞИV¥]
https://dostats.info/Profile/Search?ProfileId=4KLDl&Server=us2,ꟷÇĦɅØŞꟷ
https://dostats.info/Profile/Search?ProfileId=663zL&Server=us2,ANNA
https://dostats.info/Profile/Search?ProfileId=Bcega&Server=us2,__亗|Cσмαиdαитe|亗__
https://dostats.info/Profile/Search?ProfileId=4nOhc&Server=us2,UberTamal.
https://dostats.info/Profile/Search?ProfileId=B3Mnx&Server=us2,DirtyCowboy2021
https://dostats.info/Profile/Search?ProfileId=6mJCM&Server=us2,TheBiggestOof
https://dostats.info/Profile/Search?ProfileId=4Lph8&Server=us2,Sanders~Extra~MAD
https://dostats.info/Profile/Search?ProfileId=1tWHn&Server=us2,Drop.v7
https://dostats.info/Profile/Search?ProfileId=4BMxm&Server=us2,vlad1977ru
https://dostats.info/Profile/Search?ProfileId=4wnPU&Server=us2,NAVY(Man)
https://dostats.info/Profile/Search?ProfileId=3pVjb&Server=us2,MÅЏÐÊŁ22
https://dostats.info/Profile/Search?ProfileId=4Kn3i&Server=us2,Strange_Pilot
https://dostats.info/Profile/Search?ProfileId=BJVMX&Server=us2,ೃೀ๑Jᴜᴠɪᴀツ
https://dostats.info/Profile/Search?ProfileId=BYDLM&Server=us2,Steelinger
https://dostats.info/Profile/Search?ProfileId=B7Drb&Server=us2,H.I.B
https://dostats.info/Profile/Search?ProfileId=56PHn&Server=us2,ㅤΛŁPHΛㅤN°7ㅤ[ѕηм]ㅤ
https://dostats.info/Profile/Search?ProfileId=1SIUd&Server=us2,¤ЩεRε¤ΛLL¤MαĐ¤HᴇRᴇ¤
https://dostats.info/Profile/Search?ProfileId=BahuK&Server=us2,TorSelee-ZoAA[SłŅᵀᴹ]
https://dostats.info/Profile/Search?ProfileId=BSIzp&Server=us2,Dєʌтнツ
https://dostats.info/Profile/Search?ProfileId=BVIQM&Server=us2,NobodyPlayer
https://dostats.info/Profile/Search?ProfileId=3hafU&Server=us2,Descruction
https://dostats.info/Profile/Search?ProfileId=4xpWx&Server=us2,кσ̈иιgѕтιgєяツ[ѕηм]
https://dostats.info/Profile/Search?ProfileId=36vZ1&Server=us2,USELESS[970ᵀᴹ]
https://dostats.info/Profile/Search?ProfileId=BIKDF&Server=us2,Ranger6Nine
https://dostats.info/Profile/Search?ProfileId=BTVaS&Server=us2,SCRAPPYDEW
https://dostats.info/Profile/Search?ProfileId=AzyYn&Server=us2,Pяıncєss۰Tωızz
https://dostats.info/Profile/Search?ProfileId=4DQlf&Server=us2,PlainMan4130
https://dostats.info/Profile/Search?ProfileId=BSDXt&Server=us2,BʟᴀᴄᴋZᴇᴛsᴜ
https://dostats.info/Profile/Search?ProfileId=Lmv1&Server=us2,DEATHWISH-2
https://dostats.info/Profile/Search?ProfileId=2hqxb&Server=us2,Yoinks
https://dostats.info/Profile/Search?ProfileId=BZn47&Server=us2,Drop.v8
https://dostats.info/Profile/Search?ProfileId=4dPqj&Server=us2,FrAnKeNsTeIn
https://dostats.info/Profile/Search?ProfileId=AuUbw&Server=us2,ツᴍᴊ۰畝ッ因
https://dostats.info/Profile/Search?ProfileId=B5wAb&Server=us2,*$иΔkЄ*vs*PΔиtЄяΔ*
https://dostats.info/Profile/Search?ProfileId=BRmqu&Server=us2,ˑːˑːˑːˑːˑːˑːˑ
https://dostats.info/Profile/Search?ProfileId=B9Ryk&Server=us2,CaptAmerica
https://dostats.info/Profile/Search?ProfileId=3tL6j&Server=us2,MK-84
https://dostats.info/Profile/Search?ProfileId=3S5O8&Server=us2,ᴰᴬᴿᴷ-ʀᴇᴘᴜᴌᵴᴇʀ
https://dostats.info/Profile/Search?ProfileId=34Jin&Server=us2,Jcαη2
https://dostats.info/Profile/Search?ProfileId=6SRJM&Server=us2,тєѕт
https://dostats.info/Profile/Search?ProfileId=22vPR&Server=us2,ĐΣMØNŞLĄYΣŘ2265
https://dostats.info/Profile/Search?ProfileId=54C2V&Server=us2,HaveNoFearZigIsHereツ
https://dostats.info/Profile/Search?ProfileId=6Imoq&Server=us2,«-HoneyBee-»
https://dostats.info/Profile/Search?ProfileId=6unua&Server=us2,Astro
https://dostats.info/Profile/Search?ProfileId=BYDbx&Server=us2,HYFR
https://dostats.info/Profile/Search?ProfileId=Bc0ox&Server=us2,«-Scorpion-»
https://dostats.info/Profile/Search?ProfileId=BH19T&Server=us2,SĦÅWИ
https://dostats.info/Profile/Search?ProfileId=AvBAw&Server=us2,Ranger69.
https://dostats.info/Profile/Search?ProfileId=AxRfx&Server=us2,Yuki
https://dostats.info/Profile/Search?ProfileId=5HxrF&Server=us2,WORTHLESS[970ᵀᴹ]
https://dostats.info/Profile/Search?ProfileId=6INuD&Server=us2,ZehnvonZehn
https://dostats.info/Profile/Search?ProfileId=Awwlm&Server=us2,buddy917
https://dostats.info/Profile/Search?ProfileId=AwbhJ&Server=us2,Uhtred
https://dostats.info/Profile/Search?ProfileId=4BNnD&Server=us2,Joshua
https://dostats.info/Profile/Search?ProfileId=6FJLK&Server=us2,Teague
https://dostats.info/Profile/Search?ProfileId=5bHpu&Server=us2,KingPride
https://dostats.info/Profile/Search?ProfileId=6jAd0&Server=us2,#SilverStar
https://dostats.info/Profile/Search?ProfileId=BZ7kn&Server=us2,*F-E-A-R*
https://dostats.info/Profile/Search?ProfileId=404Ts&Server=us2,ǴĦʘ§Ŧ[23]
